x,y,yaw,v
0.0,0.0,0.1489,3.0
0.1,0.015,0.1489,3.0
0.2,0.03,0.1489,3.0
0.3,0.045,0.1489,3.0
0.4,0.06,0.1489,3.0
0.5,0.075,0.1488,3.0
0.6,0.09,0.1488,3.0
0.7,0.105,0.1488,3.0
0.8,0.12,0.1488,3.0
0.9,0.135,0.1487,3.0
1.0,0.1499,0.1487,3.0
1.1,0.1649,0.1487,3.0
1.2,0.1799,0.1486,3.0
1.3,0.1949,0.1486,3.0
1.4,0.2098,0.1485,3.0
1.5,0.2248,0.1485,3.0
1.6,0.2397,0.1484,3.0
1.7,0.2547,0.1484,3.0
1.8,0.2696,0.1483,3.0
1.9,0.2846,0.1482,3.0
2.0,0.2995,0.1482,3.0
2.1,0.3144,0.1481,3.0
2.2,0.3293,0.148,3.0
2.3,0.3442,0.1479,3.0
2.4,0.3591,0.1478,3.0
2.5,0.374,0.1477,3.0
2.6,0.3889,0.1477,3.0
2.7,0.4038,0.1476,3.0
2.8,0.4186,0.1475,3.0
2.9,0.4335,0.1474,3.0
3.0,0.4483,0.1472,3.0
3.1,0.4631,0.1471,3.0
3.2,0.478,0.147,3.0
3.3,0.4928,0.1469,3.0
3.4,0.5075,0.1468,3.0
3.5,0.5223,0.1466,3.0
3.6,0.5371,0.1465,3.0
3.7,0.5518,0.1464,3.0
3.8,0.5666,0.1462,3.0
3.9,0.5813,0.1461,3.0
4.0,0.596,0.146,3.0
4.1,0.6107,0.1458,3.0
4.2,0.6254,0.1457,3.0
4.3,0.64,0.1455,3.0
4.4,0.6547,0.1454,3.0
4.5,0.6693,0.1452,3.0
4.6,0.6839,0.145,3.0
4.7,0.6985,0.1449,3.0
4.8,0.7131,0.1447,3.0
4.9,0.7277,0.1445,3.0
5.0,0.7422,0.1443,3.0
5.1,0.7567,0.1441,3.0
5.2,0.7712,0.144,3.0
5.3,0.7857,0.1438,3.0
5.4,0.8002,0.1436,3.0
5.5,0.8146,0.1434,3.0
5.6,0.8291,0.1432,3.0
5.7,0.8435,0.143,3.0
5.8,0.8579,0.1428,3.0
5.9,0.8722,0.1425,3.0
6.0,0.8866,0.1423,3.0
6.1,0.9009,0.1421,3.0
6.2,0.9152,0.1419,3.0
6.3,0.9294,0.1417,3.0
6.4,0.9437,0.1414,3.0
6.5,0.9579,0.1412,3.0
6.6,0.9721,0.141,3.0
6.7,0.9863,0.1407,3.0
6.8,1.0005,0.1405,3.0
6.9,1.0146,0.1402,3.0
7.0,1.0287,0.14,3.0
7.1,1.0428,0.1397,3.0
7.2,1.0568,0.1395,3.0
7.3,1.0708,0.1392,3.0
7.4,1.0848,0.1389,3.0
7.5,1.0988,0.1387,3.0
7.6,1.1128,0.1384,3.0
7.7,1.1267,0.1381,3.0
7.8,1.1406,0.1379,3.0
7.9,1.1544,0.1376,3.0
8.0,1.1683,0.1373,3.0
8.1,1.1821,0.137,3.0
8.2,1.1958,0.1367,3.0
8.3,1.2096,0.1364,3.0
8.4,1.2233,0.1361,3.0
8.5,1.237,0.1358,3.0
8.6,1.2506,0.1355,3.0
8.7,1.2642,0.1352,3.0
8.8,1.2778,0.1349,3.0
8.9,1.2914,0.1346,3.0
9.0,1.3049,0.1343,3.0
9.1,1.3184,0.1339,3.0
9.2,1.3318,0.1336,3.0
9.3,1.3453,0.1333,3.0
9.4,1.3587,0.1329,3.0
9.5,1.372,0.1326,3.0
9.6,1.3853,0.1323,3.0
9.7,1.3986,0.1319,3.0
9.8,1.4119,0.1316,3.0
9.9,1.4251,0.1312,3.0
10.0,1.4383,0.1309,3.0
10.1,1.4514,0.1305,3.0
10.2,1.4645,0.1302,3.0
10.3,1.4776,0.1298,3.0
10.4,1.4906,0.1294,3.0
10.5,1.5036,0.1291,3.0
10.6,1.5166,0.1287,3.0
10.7,1.5295,0.1283,3.0
10.8,1.5424,0.128,3.0
10.9,1.5553,0.1276,3.0
11.0,1.5681,0.1272,3.0
11.1,1.5808,0.1268,3.0
11.2,1.5936,0.1264,3.0
11.3,1.6062,0.126,3.0
11.4,1.6189,0.1256,3.0
11.5,1.6315,0.1252,3.0
11.6,1.6441,0.1248,3.0
11.7,1.6566,0.1244,3.0
11.8,1.6691,0.124,3.0
11.9,1.6815,0.1236,3.0
12.0,1.6939,0.1232,3.0
12.1,1.7063,0.1228,3.0
12.2,1.7186,0.1223,3.0
12.3,1.7309,0.1219,3.0
12.4,1.7431,0.1215,3.0
12.5,1.7553,0.121,3.0
12.6,1.7674,0.1206,3.0
12.7,1.7795,0.1202,3.0
12.8,1.7916,0.1197,3.0
12.9,1.8036,0.1193,3.0
13.0,1.8156,0.1188,3.0
13.1,1.8275,0.1184,3.0
13.2,1.8394,0.1179,3.0
13.3,1.8512,0.1175,3.0
13.4,1.863,0.117,3.0
13.5,1.8747,0.1166,3.0
13.6,1.8864,0.1161,3.0
13.7,1.898,0.1156,3.0
13.8,1.9096,0.1152,3.0
13.9,1.9212,0.1147,3.0
14.0,1.9327,0.1142,3.0
14.1,1.9441,0.1137,3.0
14.2,1.9555,0.1133,3.0
14.3,1.9669,0.1128,3.0
14.4,1.9782,0.1123,3.0
14.5,1.9894,0.1118,3.0
14.6,2.0006,0.1113,3.0
14.7,2.0118,0.1108,3.0
14.8,2.0229,0.1103,3.0
14.9,2.0339,0.1098,3.0
15.0,2.0449,0.1093,3.0
15.1,2.0559,0.1088,3.0
15.2,2.0668,0.1083,3.0
15.3,2.0776,0.1078,3.0
15.4,2.0884,0.1073,3.0
15.5,2.0991,0.1068,3.0
15.6,2.1098,0.1062,3.0
15.7,2.1205,0.1057,3.0
15.8,2.1311,0.1052,3.0
15.9,2.1416,0.1047,3.0
16.0,2.1521,0.1041,3.0
16.1,2.1625,0.1036,3.0
16.2,2.1729,0.1031,3.0
16.3,2.1832,0.1025,3.0
16.4,2.1934,0.102,3.0
16.5,2.2036,0.1014,3.0
16.6,2.2138,0.1009,3.0
16.7,2.2239,0.1003,3.0
16.8,2.2339,0.0998,3.0
16.9,2.2439,0.0992,3.0
17.0,2.2538,0.0987,3.0
17.1,2.2637,0.0981,3.0
17.2,2.2735,0.0976,3.0
17.3,2.2833,0.097,3.0
17.4,2.293,0.0964,3.0
17.5,2.3026,0.0959,3.0
17.6,2.3122,0.0953,3.0
17.7,2.3217,0.0947,3.0
17.8,2.3312,0.0941,3.0
17.9,2.3406,0.0936,3.0
18.0,2.35,0.093,3.0
18.1,2.3593,0.0924,3.0
18.2,2.3685,0.0918,3.0
18.3,2.3777,0.0912,3.0
18.4,2.3868,0.0906,3.0
18.5,2.3959,0.09,3.0
18.6,2.4049,0.0894,3.0
18.7,2.4138,0.0888,3.0
18.8,2.4227,0.0882,3.0
18.9,2.4315,0.0876,3.0
19.0,2.4402,0.087,3.0
19.1,2.4489,0.0864,3.0
19.2,2.4576,0.0858,3.0
19.3,2.4661,0.0852,3.0
19.4,2.4747,0.0846,3.0
19.5,2.4831,0.084,3.0
19.6,2.4915,0.0834,3.0
19.7,2.4998,0.0827,3.0
19.8,2.5081,0.0821,3.0
19.9,2.5163,0.0815,3.0
20.0,2.5244,0.0809,3.0
20.1,2.5325,0.0802,3.0
20.2,2.5405,0.0796,3.0
20.3,2.5484,0.079,3.0
20.4,2.5563,0.0783,3.0
20.5,2.5641,0.0777,3.0
20.6,2.5719,0.0771,3.0
20.7,2.5796,0.0764,3.0
20.8,2.5872,0.0758,3.0
20.9,2.5948,0.0751,3.0
21.0,2.6023,0.0745,3.0
21.1,2.6097,0.0738,3.0
21.2,2.6171,0.0732,3.0
21.3,2.6244,0.0725,3.0
21.4,2.6316,0.0719,3.0
21.5,2.6388,0.0712,3.0
21.6,2.6459,0.0706,3.0
21.7,2.6529,0.0699,3.0
21.8,2.6599,0.0693,3.0
21.9,2.6668,0.0686,3.0
22.0,2.6736,0.0679,3.0
22.1,2.6804,0.0673,3.0
22.2,2.6871,0.0666,3.0
22.3,2.6937,0.0659,3.0
22.4,2.7003,0.0653,3.0
22.5,2.7068,0.0646,3.0
22.6,2.7132,0.0639,3.0
22.7,2.7196,0.0632,3.0
22.8,2.7259,0.0626,3.0
22.9,2.7321,0.0619,3.0
23.0,2.7383,0.0612,3.0
23.1,2.7444,0.0605,3.0
23.2,2.7504,0.0598,3.0
23.3,2.7564,0.0591,3.0
23.4,2.7623,0.0585,3.0
23.5,2.7681,0.0578,3.0
23.6,2.7738,0.0571,3.0
23.7,2.7795,0.0564,3.0
23.8,2.7851,0.0557,3.0
23.9,2.7906,0.055,3.0
24.0,2.7961,0.0543,3.0
24.1,2.8015,0.0536,3.0
24.2,2.8068,0.0529,3.0
24.3,2.8121,0.0522,3.0
24.4,2.8173,0.0515,3.0
24.5,2.8224,0.0508,3.0
24.6,2.8275,0.0501,3.0
24.7,2.8324,0.0494,3.0
24.8,2.8374,0.0487,3.0
24.9,2.8422,0.048,3.0
25.0,2.847,0.0473,3.0
25.1,2.8516,0.0466,3.0
25.2,2.8563,0.0458,3.0
25.3,2.8608,0.0451,3.0
25.4,2.8653,0.0444,3.0
25.5,2.8697,0.0437,3.0
25.6,2.874,0.043,3.0
25.7,2.8783,0.0423,3.0
25.8,2.8825,0.0415,3.0
25.9,2.8866,0.0408,3.0
26.0,2.8907,0.0401,3.0
26.1,2.8947,0.0394,3.0
26.2,2.8986,0.0387,3.0
26.3,2.9024,0.0379,3.0
26.4,2.9061,0.0372,3.0
26.5,2.9098,0.0365,3.0
26.6,2.9134,0.0358,3.0
26.7,2.917,0.035,3.0
26.8,2.9205,0.0343,3.0
26.9,2.9238,0.0336,3.0
27.0,2.9272,0.0328,3.0
27.1,2.9304,0.0321,3.0
27.2,2.9336,0.0314,3.0
27.3,2.9367,0.0306,3.0
27.4,2.9397,0.0299,3.0
27.5,2.9427,0.0292,3.0
27.6,2.9456,0.0284,3.0
27.7,2.9484,0.0277,3.0
27.8,2.9511,0.027,3.0
27.9,2.9538,0.0262,3.0
28.0,2.9563,0.0255,3.0
28.1,2.9589,0.0248,3.0
28.2,2.9613,0.024,3.0
28.3,2.9637,0.0233,3.0
28.4,2.966,0.0225,3.0
28.5,2.9682,0.0218,3.0
28.6,2.9703,0.021,3.0
28.7,2.9724,0.0203,3.0
28.8,2.9744,0.0196,3.0
28.9,2.9763,0.0188,3.0
29.0,2.9781,0.0181,3.0
29.1,2.9799,0.0173,3.0
29.2,2.9816,0.0166,3.0
29.3,2.9832,0.0158,3.0
29.4,2.9848,0.0151,3.0
29.5,2.9862,0.0143,3.0
29.6,2.9876,0.0136,3.0
29.7,2.989,0.0129,3.0
29.8,2.9902,0.0121,3.0
29.9,2.9914,0.0114,3.0
30.0,2.9925,0.0106,3.0
30.1,2.9935,0.0099,3.0
30.2,2.9945,0.0091,3.0
30.3,2.9953,0.0084,3.0
30.4,2.9961,0.0076,3.0
30.5,2.9969,0.0069,3.0
30.6,2.9975,0.0061,3.0
30.7,2.9981,0.0054,3.0
30.8,2.9986,0.0046,3.0
30.9,2.999,0.0039,3.0
31.0,2.9994,0.0031,3.0
31.1,2.9996,0.0024,3.0
31.2,2.9998,0.0016,3.0
31.3,2.9999,0.0009,3.0
31.4,3.0,0.0001,3.0
31.5,3.0,-0.0006,3.0
31.6,2.9999,-0.0014,3.0
31.7,2.9997,-0.0021,3.0
31.8,2.9994,-0.0029,3.0
31.9,2.9991,-0.0036,3.0
32.0,2.9987,-0.0044,3.0
32.1,2.9982,-0.0051,3.0
32.2,2.9977,-0.0059,3.0
32.3,2.9971,-0.0066,3.0
32.4,2.9964,-0.0074,3.0
32.5,2.9956,-0.0081,3.0
32.6,2.9947,-0.0089,3.0
32.7,2.9938,-0.0096,3.0
32.8,2.9928,-0.0104,3.0
32.9,2.9917,-0.0111,3.0
33.0,2.9906,-0.0119,3.0
33.1,2.9894,-0.0126,3.0
33.2,2.9881,-0.0134,3.0
33.3,2.9867,-0.0141,3.0
33.4,2.9853,-0.0149,3.0
33.5,2.9837,-0.0156,3.0
33.6,2.9821,-0.0163,3.0
33.7,2.9805,-0.0171,3.0
33.8,2.9787,-0.0178,3.0
33.9,2.9769,-0.0186,3.0
34.0,2.975,-0.0193,3.0
34.1,2.973,-0.0201,3.0
34.2,2.971,-0.0208,3.0
34.3,2.9689,-0.0216,3.0
34.4,2.9667,-0.0223,3.0
34.5,2.9644,-0.023,3.0
34.6,2.9621,-0.0238,3.0
34.7,2.9596,-0.0245,3.0
34.8,2.9572,-0.0253,3.0
34.9,2.9546,-0.026,3.0
35.0,2.952,-0.0267,3.0
35.1,2.9492,-0.0275,3.0
35.2,2.9465,-0.0282,3.0
35.3,2.9436,-0.0289,3.0
35.4,2.9407,-0.0297,3.0
35.5,2.9377,-0.0304,3.0
35.6,2.9346,-0.0311,3.0
35.7,2.9314,-0.0319,3.0
35.8,2.9282,-0.0326,3.0
35.9,2.9249,-0.0333,3.0
36.0,2.9215,-0.0341,3.0
36.1,2.9181,-0.0348,3.0
36.2,2.9146,-0.0355,3.0
36.3,2.911,-0.0363,3.0
36.4,2.9073,-0.037,3.0
36.5,2.9036,-0.0377,3.0
36.6,2.8998,-0.0384,3.0
36.7,2.8959,-0.0392,3.0
36.8,2.8919,-0.0399,3.0
36.9,2.8879,-0.0406,3.0
37.0,2.8838,-0.0413,3.0
37.1,2.8797,-0.042,3.0
37.2,2.8754,-0.0428,3.0
37.3,2.8711,-0.0435,3.0
37.4,2.8667,-0.0442,3.0
37.5,2.8623,-0.0449,3.0
37.6,2.8577,-0.0456,3.0
37.7,2.8531,-0.0463,3.0
37.8,2.8485,-0.047,3.0
37.9,2.8437,-0.0477,3.0
38.0,2.8389,-0.0485,3.0
38.1,2.834,-0.0492,3.0
38.2,2.8291,-0.0499,3.0
38.3,2.824,-0.0506,3.0
38.4,2.8189,-0.0513,3.0
38.5,2.8138,-0.052,3.0
38.6,2.8085,-0.0527,3.0
38.7,2.8032,-0.0534,3.0
38.8,2.7978,-0.0541,3.0
38.9,2.7924,-0.0548,3.0
39.0,2.7869,-0.0555,3.0
39.1,2.7813,-0.0562,3.0
39.2,2.7756,-0.0569,3.0
39.3,2.7699,-0.0575,3.0
39.4,2.7641,-0.0582,3.0
39.5,2.7582,-0.0589,3.0
39.6,2.7523,-0.0596,3.0
39.7,2.7463,-0.0603,3.0
39.8,2.7402,-0.061,3.0
39.9,2.7341,-0.0617,3.0
40.0,2.7279,-0.0623,3.0
40.1,2.7216,-0.063,3.0
40.2,2.7153,-0.0637,3.0
40.3,2.7089,-0.0644,3.0
40.4,2.7024,-0.065,3.0
40.5,2.6958,-0.0657,3.0
40.6,2.6892,-0.0664,3.0
40.7,2.6825,-0.0671,3.0
40.8,2.6758,-0.0677,3.0
40.9,2.669,-0.0684,3.0
41.0,2.6621,-0.0691,3.0
41.1,2.6551,-0.0697,3.0
41.2,2.6481,-0.0704,3.0
41.3,2.641,-0.071,3.0
41.4,2.6339,-0.0717,3.0
41.5,2.6267,-0.0723,3.0
41.6,2.6194,-0.073,3.0
41.7,2.6121,-0.0736,3.0
41.8,2.6046,-0.0743,3.0
41.9,2.5972,-0.0749,3.0
42.0,2.5896,-0.0756,3.0
42.1,2.582,-0.0762,3.0
42.2,2.5744,-0.0769,3.0
42.3,2.5666,-0.0775,3.0
42.4,2.5588,-0.0781,3.0
42.5,2.551,-0.0788,3.0
42.6,2.543,-0.0794,3.0
42.7,2.535,-0.08,3.0
42.8,2.527,-0.0807,3.0
42.9,2.5189,-0.0813,3.0
43.0,2.5107,-0.0819,3.0
43.1,2.5025,-0.0825,3.0
43.2,2.4942,-0.0832,3.0
43.3,2.4858,-0.0838,3.0
43.4,2.4774,-0.0844,3.0
43.5,2.4689,-0.085,3.0
43.6,2.4603,-0.0856,3.0
43.7,2.4517,-0.0862,3.0
43.8,2.443,-0.0868,3.0
43.9,2.4343,-0.0874,3.0
44.0,2.4255,-0.088,3.0
44.1,2.4166,-0.0886,3.0
44.2,2.4077,-0.0892,3.0
44.3,2.3987,-0.0898,3.0
44.4,2.3897,-0.0904,3.0
44.5,2.3806,-0.091,3.0
44.6,2.3714,-0.0916,3.0
44.7,2.3622,-0.0922,3.0
44.8,2.3529,-0.0928,3.0
44.9,2.3436,-0.0934,3.0
45.0,2.3342,-0.0939,3.0
45.1,2.3248,-0.0945,3.0
45.2,2.3153,-0.0951,3.0
45.3,2.3057,-0.0957,3.0
45.4,2.2961,-0.0962,3.0
45.5,2.2864,-0.0968,3.0
45.6,2.2766,-0.0974,3.0
45.7,2.2668,-0.0979,3.0
45.8,2.257,-0.0985,3.0
45.9,2.2471,-0.0991,3.0
46.0,2.2371,-0.0996,3.0
46.1,2.2271,-0.1002,3.0
46.2,2.217,-0.1007,3.0
46.3,2.2069,-0.1013,3.0
46.4,2.1967,-0.1018,3.0
46.5,2.1865,-0.1023,3.0
46.6,2.1762,-0.1029,3.0
46.7,2.1658,-0.1034,3.0
46.8,2.1554,-0.104,3.0
46.9,2.1449,-0.1045,3.0
47.0,2.1344,-0.105,3.0
47.1,2.1239,-0.1055,3.0
47.2,2.1132,-0.1061,3.0
47.3,2.1026,-0.1066,3.0
47.4,2.0918,-0.1071,3.0
47.5,2.0811,-0.1076,3.0
47.6,2.0702,-0.1081,3.0
47.7,2.0593,-0.1086,3.0
47.8,2.0484,-0.1092,3.0
47.9,2.0374,-0.1097,3.0
48.0,2.0264,-0.1102,3.0
48.1,2.0153,-0.1107,3.0
48.2,2.0042,-0.1112,3.0
48.3,1.993,-0.1117,3.0
48.4,1.9817,-0.1121,3.0
48.5,1.9705,-0.1126,3.0
48.6,1.9591,-0.1131,3.0
48.7,1.9477,-0.1136,3.0
48.8,1.9363,-0.1141,3.0
48.9,1.9248,-0.1146,3.0
49.0,1.9133,-0.115,3.0
49.1,1.9017,-0.1155,3.0
49.2,1.8901,-0.116,3.0
49.3,1.8784,-0.1164,3.0
49.4,1.8667,-0.1169,3.0
49.5,1.8549,-0.1173,3.0
49.6,1.8431,-0.1178,3.0
49.7,1.8313,-0.1183,3.0
49.8,1.8194,-0.1187,3.0
49.9,1.8074,-0.1192,3.0
50.0,1.7954,-0.1196,3.0
50.1,1.7834,-0.12,3.0
50.2,1.7713,-0.1205,3.0
50.3,1.7592,-0.1209,3.0
50.4,1.747,-0.1213,3.0
50.5,1.7348,-0.1218,3.0
50.6,1.7225,-0.1222,3.0
50.7,1.7102,-0.1226,3.0
50.8,1.6979,-0.123,3.0
50.9,1.6855,-0.1235,3.0
51.0,1.6731,-0.1239,3.0
51.1,1.6606,-0.1243,3.0
51.2,1.6481,-0.1247,3.0
51.3,1.6355,-0.1251,3.0
51.4,1.6229,-0.1255,3.0
51.5,1.6103,-0.1259,3.0
51.6,1.5976,-0.1263,3.0
51.7,1.5849,-0.1267,3.0
51.8,1.5721,-0.1271,3.0
51.9,1.5593,-0.1275,3.0
52.0,1.5465,-0.1278,3.0
52.1,1.5336,-0.1282,3.0
52.2,1.5207,-0.1286,3.0
52.3,1.5078,-0.129,3.0
52.4,1.4948,-0.1293,3.0
52.5,1.4818,-0.1297,3.0
52.6,1.4687,-0.1301,3.0
52.7,1.4556,-0.1304,3.0
52.8,1.4425,-0.1308,3.0
52.9,1.4293,-0.1311,3.0
53.0,1.4161,-0.1315,3.0
53.1,1.4029,-0.1318,3.0
53.2,1.3896,-0.1322,3.0
53.3,1.3763,-0.1325,3.0
53.4,1.3629,-0.1328,3.0
53.5,1.3495,-0.1332,3.0
53.6,1.3361,-0.1335,3.0
53.7,1.3227,-0.1338,3.0
53.8,1.3092,-0.1342,3.0
53.9,1.2957,-0.1345,3.0
54.0,1.2821,-0.1348,3.0
54.1,1.2686,-0.1351,3.0
54.2,1.255,-0.1354,3.0
54.3,1.2413,-0.1357,3.0
54.4,1.2276,-0.136,3.0
54.5,1.2139,-0.1363,3.0
54.6,1.2002,-0.1366,3.0
54.7,1.1864,-0.1369,3.0
54.8,1.1727,-0.1372,3.0
54.9,1.1588,-0.1375,3.0
55.0,1.145,-0.1378,3.0
55.1,1.1311,-0.138,3.0
55.2,1.1172,-0.1383,3.0
55.3,1.1033,-0.1386,3.0
55.4,1.0893,-0.1389,3.0
55.5,1.0753,-0.1391,3.0
55.6,1.0613,-0.1394,3.0
55.7,1.0472,-0.1396,3.0
55.8,1.0332,-0.1399,3.0
55.9,1.0191,-0.1402,3.0
56.0,1.005,-0.1404,3.0
56.1,0.9908,-0.1406,3.0
56.2,0.9766,-0.1409,3.0
56.3,0.9625,-0.1411,3.0
56.4,0.9482,-0.1414,3.0
56.5,0.934,-0.1416,3.0
56.6,0.9197,-0.1418,3.0
56.7,0.9054,-0.142,3.0
56.8,0.8911,-0.1423,3.0
56.9,0.8768,-0.1425,3.0
57.0,0.8624,-0.1427,3.0
57.1,0.8481,-0.1429,3.0
57.2,0.8337,-0.1431,3.0
57.3,0.8192,-0.1433,3.0
57.4,0.8048,-0.1435,3.0
57.5,0.7903,-0.1437,3.0
57.6,0.7759,-0.1439,3.0
57.7,0.7614,-0.1441,3.0
57.8,0.7468,-0.1443,3.0
57.9,0.7323,-0.1444,3.0
58.0,0.7177,-0.1446,3.0
58.1,0.7032,-0.1448,3.0
58.2,0.6886,-0.145,3.0
58.3,0.674,-0.1451,3.0
58.4,0.6594,-0.1453,3.0
58.5,0.6447,-0.1455,3.0
58.6,0.6301,-0.1456,3.0
58.7,0.6154,-0.1458,3.0
58.8,0.6007,-0.1459,3.0
58.9,0.586,-0.1461,3.0
59.0,0.5713,-0.1462,3.0
59.1,0.5565,-0.1463,3.0
59.2,0.5418,-0.1465,3.0
59.3,0.527,-0.1466,3.0
59.4,0.5123,-0.1467,3.0
59.5,0.4975,-0.1469,3.0
59.6,0.4827,-0.147,3.0
59.7,0.4679,-0.1471,3.0
59.8,0.453,-0.1472,3.0
59.9,0.4382,-0.1473,3.0
60.0,0.4234,-0.1474,3.0
60.1,0.4085,-0.1475,3.0
60.2,0.3936,-0.1476,3.0
60.3,0.3788,-0.1477,3.0
60.4,0.3639,-0.1478,3.0
60.5,0.349,-0.1479,3.0
60.6,0.3341,-0.148,3.0
60.7,0.3192,-0.1481,3.0
60.8,0.3043,-0.1481,3.0
60.9,0.2893,-0.1482,3.0
61.0,0.2744,-0.1483,3.0
61.1,0.2595,-0.1483,3.0
61.2,0.2445,-0.1484,3.0
61.3,0.2296,-0.1485,3.0
61.4,0.2146,-0.1485,3.0
61.5,0.1996,-0.1486,3.0
61.6,0.1847,-0.1486,3.0
61.7,0.1697,-0.1487,3.0
61.8,0.1547,-0.1487,3.0
61.9,0.1397,-0.1487,3.0
62.0,0.1247,-0.1488,3.0
62.1,0.1098,-0.1488,3.0
62.2,0.0948,-0.1488,3.0
62.3,0.0798,-0.1488,3.0
62.4,0.0648,-0.1489,3.0
62.5,0.0498,-0.1489,3.0
62.6,0.0348,-0.1489,3.0
62.7,0.0198,-0.1489,3.0
62.8,0.0048,-0.1489,3.0
62.9,-0.0102,-0.1489,3.0
63.0,-0.0252,-0.1489,3.0
63.1,-0.0402,-0.1489,3.0
63.2,-0.0552,-0.1489,3.0
63.3,-0.0702,-0.1488,3.0
63.4,-0.0852,-0.1488,3.0
63.5,-0.1002,-0.1488,3.0
63.6,-0.1152,-0.1488,3.0
63.7,-0.1302,-0.1488,3.0
63.8,-0.1452,-0.1487,3.0
63.9,-0.1601,-0.1487,3.0
64.0,-0.1751,-0.1486,3.0
64.1,-0.1901,-0.1486,3.0
64.2,-0.2051,-0.1485,3.0
64.3,-0.22,-0.1485,3.0
64.4,-0.235,-0.1484,3.0
64.5,-0.2499,-0.1484,3.0
64.6,-0.2649,-0.1483,3.0
64.7,-0.2798,-0.1483,3.0
64.8,-0.2947,-0.1482,3.0
64.9,-0.3097,-0.1481,3.0
65.0,-0.3246,-0.148,3.0
65.1,-0.3395,-0.1479,3.0
65.2,-0.3544,-0.1479,3.0
65.3,-0.3693,-0.1478,3.0
65.4,-0.3842,-0.1477,3.0
65.5,-0.399,-0.1476,3.0
65.6,-0.4139,-0.1475,3.0
65.7,-0.4287,-0.1474,3.0
65.8,-0.4436,-0.1473,3.0
65.9,-0.4584,-0.1472,3.0
66.0,-0.4732,-0.1471,3.0
66.1,-0.488,-0.1469,3.0
66.2,-0.5028,-0.1468,3.0
66.3,-0.5176,-0.1467,3.0
66.4,-0.5324,-0.1466,3.0
66.5,-0.5471,-0.1464,3.0
66.6,-0.5619,-0.1463,3.0
66.7,-0.5766,-0.1462,3.0
66.8,-0.5913,-0.146,3.0
66.9,-0.606,-0.1459,3.0
67.0,-0.6207,-0.1457,3.0
67.1,-0.6354,-0.1456,3.0
67.2,-0.65,-0.1454,3.0
67.3,-0.6647,-0.1452,3.0
67.4,-0.6793,-0.1451,3.0
67.5,-0.6939,-0.1449,3.0
67.6,-0.7085,-0.1447,3.0
67.7,-0.723,-0.1446,3.0
67.8,-0.7376,-0.1444,3.0
67.9,-0.7521,-0.1442,3.0
68.0,-0.7666,-0.144,3.0
68.1,-0.7811,-0.1438,3.0
68.2,-0.7956,-0.1436,3.0
68.3,-0.81,-0.1434,3.0
68.4,-0.8245,-0.1432,3.0
68.5,-0.8389,-0.143,3.0
68.6,-0.8533,-0.1428,3.0
68.7,-0.8676,-0.1426,3.0
68.8,-0.882,-0.1424,3.0
68.9,-0.8963,-0.1422,3.0
69.0,-0.9106,-0.142,3.0
69.1,-0.9249,-0.1417,3.0
69.2,-0.9392,-0.1415,3.0
69.3,-0.9534,-0.1413,3.0
69.4,-0.9676,-0.141,3.0
69.5,-0.9818,-0.1408,3.0
69.6,-0.996,-0.1406,3.0
69.7,-1.0101,-0.1403,3.0
69.8,-1.0242,-0.1401,3.0
69.9,-1.0383,-0.1398,3.0
70.0,-1.0523,-0.1396,3.0
70.1,-1.0664,-0.1393,3.0
70.2,-1.0804,-0.139,3.0
70.3,-1.0944,-0.1388,3.0
70.4,-1.1083,-0.1385,3.0
70.5,-1.1222,-0.1382,3.0
70.6,-1.1361,-0.1379,3.0
70.7,-1.15,-0.1377,3.0
70.8,-1.1639,-0.1374,3.0
70.9,-1.1777,-0.1371,3.0
71.0,-1.1914,-0.1368,3.0
71.1,-1.2052,-0.1365,3.0
71.2,-1.2189,-0.1362,3.0
71.3,-1.2326,-0.1359,3.0
71.4,-1.2463,-0.1356,3.0
71.5,-1.2599,-0.1353,3.0
71.6,-1.2735,-0.135,3.0
71.7,-1.2871,-0.1347,3.0
71.8,-1.3006,-0.1344,3.0
71.9,-1.3141,-0.134,3.0
72.0,-1.3276,-0.1337,3.0
72.1,-1.341,-0.1334,3.0
72.2,-1.3544,-0.1331,3.0
72.3,-1.3678,-0.1327,3.0
72.4,-1.3811,-0.1324,3.0
72.5,-1.3944,-0.132,3.0
72.6,-1.4077,-0.1317,3.0
72.7,-1.4209,-0.1313,3.0
72.8,-1.4341,-0.131,3.0
72.9,-1.4472,-0.1306,3.0
73.0,-1.4604,-0.1303,3.0
73.1,-1.4734,-0.1299,3.0
73.2,-1.4865,-0.1296,3.0
73.3,-1.4995,-0.1292,3.0
73.4,-1.5125,-0.1288,3.0
73.5,-1.5254,-0.1285,3.0
73.6,-1.5383,-0.1281,3.0
73.7,-1.5512,-0.1277,3.0
73.8,-1.564,-0.1273,3.0
73.9,-1.5768,-0.1269,3.0
74.0,-1.5895,-0.1265,3.0
74.1,-1.6022,-0.1261,3.0
74.2,-1.6149,-0.1257,3.0
74.3,-1.6275,-0.1253,3.0
74.4,-1.6401,-0.1249,3.0
74.5,-1.6526,-0.1245,3.0
74.6,-1.6651,-0.1241,3.0
74.7,-1.6776,-0.1237,3.0
74.8,-1.69,-0.1233,3.0
74.9,-1.7024,-0.1229,3.0
75.0,-1.7147,-0.1225,3.0
75.1,-1.727,-0.122,3.0
75.2,-1.7392,-0.1216,3.0
75.3,-1.7514,-0.1212,3.0
75.4,-1.7636,-0.1208,3.0
75.5,-1.7757,-0.1203,3.0
75.6,-1.7878,-0.1199,3.0
75.7,-1.7998,-0.1194,3.0
75.8,-1.8118,-0.119,3.0
75.9,-1.8237,-0.1185,3.0
76.0,-1.8356,-0.1181,3.0
76.1,-1.8474,-0.1176,3.0
76.2,-1.8592,-0.1172,3.0
76.3,-1.871,-0.1167,3.0
76.4,-1.8827,-0.1163,3.0
76.5,-1.8943,-0.1158,3.0
76.6,-1.9059,-0.1153,3.0
76.7,-1.9175,-0.1149,3.0
76.8,-1.929,-0.1144,3.0
76.9,-1.9405,-0.1139,3.0
77.0,-1.9519,-0.1134,3.0
77.1,-1.9632,-0.1129,3.0
77.2,-1.9746,-0.1125,3.0
77.3,-1.9858,-0.112,3.0
77.4,-1.997,-0.1115,3.0
77.5,-2.0082,-0.111,3.0
77.6,-2.0193,-0.1105,3.0
77.7,-2.0304,-0.11,3.0
77.8,-2.0414,-0.1095,3.0
77.9,-2.0524,-0.109,3.0
78.0,-2.0633,-0.1085,3.0
78.1,-2.0742,-0.108,3.0
78.2,-2.085,-0.1074,3.0
78.3,-2.0957,-0.1069,3.0
78.4,-2.1064,-0.1064,3.0
78.5,-2.1171,-0.1059,3.0
78.6,-2.1277,-0.1054,3.0
78.7,-2.1382,-0.1048,3.0
78.8,-2.1487,-0.1043,3.0
78.9,-2.1592,-0.1038,3.0
79.0,-2.1696,-0.1032,3.0
79.1,-2.1799,-0.1027,3.0
79.2,-2.1902,-0.1022,3.0
79.3,-2.2004,-0.1016,3.0
79.4,-2.2106,-0.1011,3.0
79.5,-2.2207,-0.1005,3.0
79.6,-2.2307,-0.1,3.0
79.7,-2.2407,-0.0994,3.0
79.8,-2.2507,-0.0989,3.0
79.9,-2.2606,-0.0983,3.0
80.0,-2.2704,-0.0977,3.0
80.1,-2.2802,-0.0972,3.0
80.2,-2.2899,-0.0966,3.0
80.3,-2.2996,-0.096,3.0
80.4,-2.3092,-0.0955,3.0
80.5,-2.3187,-0.0949,3.0
80.6,-2.3282,-0.0943,3.0
80.7,-2.3376,-0.0937,3.0
80.8,-2.347,-0.0932,3.0
80.9,-2.3563,-0.0926,3.0
81.0,-2.3656,-0.092,3.0
81.1,-2.3748,-0.0914,3.0
81.2,-2.3839,-0.0908,3.0
81.3,-2.393,-0.0902,3.0
81.4,-2.402,-0.0896,3.0
81.5,-2.411,-0.089,3.0
81.6,-2.4199,-0.0884,3.0
81.7,-2.4287,-0.0878,3.0
81.8,-2.4375,-0.0872,3.0
81.9,-2.4462,-0.0866,3.0
82.0,-2.4548,-0.086,3.0
82.1,-2.4634,-0.0854,3.0
82.2,-2.472,-0.0848,3.0
82.3,-2.4804,-0.0842,3.0
82.4,-2.4888,-0.0836,3.0
82.5,-2.4972,-0.0829,3.0
82.6,-2.5055,-0.0823,3.0
82.7,-2.5137,-0.0817,3.0
82.8,-2.5218,-0.0811,3.0
82.9,-2.5299,-0.0804,3.0
83.0,-2.538,-0.0798,3.0
83.1,-2.5459,-0.0792,3.0
83.2,-2.5538,-0.0785,3.0
83.3,-2.5617,-0.0779,3.0
83.4,-2.5694,-0.0773,3.0
83.5,-2.5771,-0.0766,3.0
83.6,-2.5848,-0.076,3.0
83.7,-2.5924,-0.0753,3.0
83.8,-2.5999,-0.0747,3.0
83.9,-2.6073,-0.0741,3.0
84.0,-2.6147,-0.0734,3.0
84.1,-2.622,-0.0728,3.0
84.2,-2.6293,-0.0721,3.0
84.3,-2.6365,-0.0714,3.0
84.4,-2.6436,-0.0708,3.0
84.5,-2.6507,-0.0701,3.0
84.6,-2.6577,-0.0695,3.0
84.7,-2.6646,-0.0688,3.0
84.8,-2.6715,-0.0681,3.0
84.9,-2.6782,-0.0675,3.0
85.0,-2.685,-0.0668,3.0
85.1,-2.6916,-0.0661,3.0
85.2,-2.6982,-0.0655,3.0
85.3,-2.7047,-0.0648,3.0
85.4,-2.7112,-0.0641,3.0
85.5,-2.7176,-0.0635,3.0
85.6,-2.7239,-0.0628,3.0
85.7,-2.7302,-0.0621,3.0
85.8,-2.7363,-0.0614,3.0
85.9,-2.7425,-0.0607,3.0
86.0,-2.7485,-0.06,3.0
86.1,-2.7545,-0.0594,3.0
86.2,-2.7604,-0.0587,3.0
86.3,-2.7662,-0.058,3.0
86.4,-2.772,-0.0573,3.0
86.5,-2.7777,-0.0566,3.0
86.6,-2.7833,-0.0559,3.0
86.7,-2.7889,-0.0552,3.0
86.8,-2.7944,-0.0545,3.0
86.9,-2.7998,-0.0538,3.0
87.0,-2.8052,-0.0531,3.0
87.1,-2.8104,-0.0524,3.0
87.2,-2.8157,-0.0517,3.0
87.3,-2.8208,-0.051,3.0
87.4,-2.8259,-0.0503,3.0
87.5,-2.8309,-0.0496,3.0
87.6,-2.8358,-0.0489,3.0
87.7,-2.8407,-0.0482,3.0
87.8,-2.8454,-0.0475,3.0
87.9,-2.8502,-0.0468,3.0
88.0,-2.8548,-0.0461,3.0
88.1,-2.8594,-0.0454,3.0
88.2,-2.8639,-0.0446,3.0
88.3,-2.8683,-0.0439,3.0
88.4,-2.8727,-0.0432,3.0
88.5,-2.877,-0.0425,3.0
88.6,-2.8812,-0.0418,3.0
88.7,-2.8853,-0.0411,3.0
88.8,-2.8894,-0.0403,3.0
88.9,-2.8934,-0.0396,3.0
89.0,-2.8973,-0.0389,3.0
89.1,-2.9012,-0.0382,3.0
89.2,-2.905,-0.0374,3.0
89.3,-2.9087,-0.0367,3.0
89.4,-2.9123,-0.036,3.0
89.5,-2.9159,-0.0353,3.0
89.6,-2.9194,-0.0345,3.0
89.7,-2.9228,-0.0338,3.0
89.8,-2.9261,-0.0331,3.0
89.9,-2.9294,-0.0323,3.0
90.0,-2.9326,-0.0316,3.0
90.1,-2.9357,-0.0309,3.0
90.2,-2.9388,-0.0301,3.0
90.3,-2.9417,-0.0294,3.0
90.4,-2.9447,-0.0287,3.0
90.5,-2.9475,-0.0279,3.0
90.6,-2.9502,-0.0272,3.0
90.7,-2.9529,-0.0265,3.0
90.8,-2.9555,-0.0257,3.0
90.9,-2.9581,-0.025,3.0
91.0,-2.9605,-0.0242,3.0
91.1,-2.9629,-0.0235,3.0
91.2,-2.9652,-0.0228,3.0
91.3,-2.9675,-0.022,3.0
91.4,-2.9696,-0.0213,3.0
91.5,-2.9717,-0.0205,3.0
91.6,-2.9737,-0.0198,3.0
91.7,-2.9757,-0.0191,3.0
91.8,-2.9776,-0.0183,3.0
91.9,-2.9794,-0.0176,3.0
92.0,-2.9811,-0.0168,3.0
92.1,-2.9827,-0.0161,3.0
92.2,-2.9843,-0.0153,3.0
92.3,-2.9858,-0.0146,3.0
92.4,-2.9872,-0.0138,3.0
92.5,-2.9886,-0.0131,3.0
92.6,-2.9898,-0.0123,3.0
92.7,-2.991,-0.0116,3.0
92.8,-2.9921,-0.0108,3.0
92.9,-2.9932,-0.0101,3.0
93.0,-2.9942,-0.0094,3.0
93.1,-2.9951,-0.0086,3.0
93.2,-2.9959,-0.0079,3.0
93.3,-2.9966,-0.0071,3.0
93.4,-2.9973,-0.0064,3.0
93.5,-2.9979,-0.0056,3.0
93.6,-2.9984,-0.0049,3.0
93.7,-2.9989,-0.0041,3.0
93.8,-2.9992,-0.0034,3.0
93.9,-2.9995,-0.0026,3.0
94.0,-2.9998,-0.0019,3.0
94.1,-2.9999,-0.0011,3.0
94.2,-3.0,-0.0004,3.0
94.3,-3.0,0.0004,3.0
94.4,-2.9999,0.0011,3.0
94.5,-2.9998,0.0019,3.0
94.6,-2.9995,0.0026,3.0
94.7,-2.9992,0.0034,3.0
94.8,-2.9989,0.0041,3.0
94.9,-2.9984,0.0049,3.0
95.0,-2.9979,0.0056,3.0
95.1,-2.9973,0.0064,3.0
95.2,-2.9966,0.0071,3.0
95.3,-2.9958,0.0079,3.0
95.4,-2.995,0.0086,3.0
95.5,-2.9941,0.0094,3.0
95.6,-2.9931,0.0101,3.0
95.7,-2.9921,0.0109,3.0
95.8,-2.991,0.0116,3.0
95.9,-2.9898,0.0124,3.0
96.0,-2.9885,0.0131,3.0
96.1,-2.9871,0.0139,3.0
96.2,-2.9857,0.0146,3.0
96.3,-2.9842,0.0154,3.0
96.4,-2.9826,0.0161,3.0
96.5,-2.981,0.0169,3.0
96.6,-2.9793,0.0176,3.0
96.7,-2.9775,0.0183,3.0
96.8,-2.9756,0.0191,3.0
96.9,-2.9737,0.0198,3.0
97.0,-2.9716,0.0206,3.0
97.1,-2.9695,0.0213,3.0
97.2,-2.9674,0.0221,3.0
97.3,-2.9651,0.0228,3.0
97.4,-2.9628,0.0235,3.0
97.5,-2.9604,0.0243,3.0
97.6,-2.958,0.025,3.0
97.7,-2.9554,0.0258,3.0
97.8,-2.9528,0.0265,3.0
97.9,-2.9501,0.0272,3.0
98.0,-2.9474,0.028,3.0
98.1,-2.9445,0.0287,3.0
98.2,-2.9416,0.0294,3.0
98.3,-2.9386,0.0302,3.0
98.4,-2.9356,0.0309,3.0
98.5,-2.9324,0.0316,3.0
98.6,-2.9292,0.0324,3.0
98.7,-2.926,0.0331,3.0
98.8,-2.9226,0.0338,3.0
98.9,-2.9192,0.0346,3.0
99.0,-2.9157,0.0353,3.0
99.1,-2.9121,0.036,3.0
99.2,-2.9085,0.0367,3.0
99.3,-2.9048,0.0375,3.0
99.4,-2.901,0.0382,3.0
99.5,-2.8971,0.0389,3.0
99.6,-2.8932,0.0396,3.0
99.7,-2.8892,0.0404,3.0
99.8,-2.8851,0.0411,3.0
99.9,-2.881,0.0418,3.0
100.0,-2.8768,0.0425,3.0
100.1,-2.8725,0.0432,3.0
100.2,-2.8681,0.044,3.0
100.3,-2.8637,0.0447,3.0
100.4,-2.8592,0.0454,3.0
100.5,-2.8546,0.0461,3.0
100.6,-2.85,0.0468,3.0
100.7,-2.8452,0.0475,3.0
100.8,-2.8404,0.0482,3.0
100.9,-2.8356,0.0489,3.0
101.0,-2.8306,0.0496,3.0
101.1,-2.8256,0.0503,3.0
101.2,-2.8206,0.0511,3.0
101.3,-2.8154,0.0518,3.0
101.4,-2.8102,0.0525,3.0
101.5,-2.8049,0.0532,3.0
101.6,-2.7996,0.0539,3.0
101.7,-2.7941,0.0546,3.0
101.8,-2.7886,0.0552,3.0
101.9,-2.7831,0.0559,3.0
102.0,-2.7774,0.0566,3.0
102.1,-2.7717,0.0573,3.0
102.2,-2.766,0.058,3.0
102.3,-2.7601,0.0587,3.0
102.4,-2.7542,0.0594,3.0
102.5,-2.7482,0.0601,3.0
102.6,-2.7422,0.0608,3.0
102.7,-2.7361,0.0614,3.0
102.8,-2.7299,0.0621,3.0
102.9,-2.7236,0.0628,3.0
103.0,-2.7173,0.0635,3.0
103.1,-2.7109,0.0642,3.0
103.2,-2.7045,0.0648,3.0
103.3,-2.6979,0.0655,3.0
103.4,-2.6913,0.0662,3.0
103.5,-2.6847,0.0668,3.0
103.6,-2.6779,0.0675,3.0
103.7,-2.6711,0.0682,3.0
103.8,-2.6643,0.0688,3.0
103.9,-2.6574,0.0695,3.0
104.0,-2.6504,0.0702,3.0
104.1,-2.6433,0.0708,3.0
104.2,-2.6362,0.0715,3.0
104.3,-2.629,0.0721,3.0
104.4,-2.6217,0.0728,3.0
104.5,-2.6144,0.0734,3.0
104.6,-2.607,0.0741,3.0
104.7,-2.5996,0.0747,3.0
104.8,-2.592,0.0754,3.0
104.9,-2.5845,0.076,3.0
105.0,-2.5768,0.0767,3.0
105.1,-2.5691,0.0773,3.0
105.2,-2.5613,0.0779,3.0
105.3,-2.5535,0.0786,3.0
105.4,-2.5456,0.0792,3.0
105.5,-2.5376,0.0798,3.0
105.6,-2.5296,0.0805,3.0
105.7,-2.5215,0.0811,3.0
105.8,-2.5133,0.0817,3.0
105.9,-2.5051,0.0823,3.0
106.0,-2.4968,0.083,3.0
106.1,-2.4885,0.0836,3.0
106.2,-2.48,0.0842,3.0
106.3,-2.4716,0.0848,3.0
106.4,-2.463,0.0854,3.0
106.5,-2.4544,0.086,3.0
106.6,-2.4458,0.0866,3.0
106.7,-2.4371,0.0873,3.0
106.8,-2.4283,0.0879,3.0
106.9,-2.4195,0.0885,3.0
107.0,-2.4106,0.0891,3.0
107.1,-2.4016,0.0897,3.0
107.2,-2.3926,0.0902,3.0
107.3,-2.3835,0.0908,3.0
107.4,-2.3744,0.0914,3.0
107.5,-2.3652,0.092,3.0
107.6,-2.3559,0.0926,3.0
107.7,-2.3466,0.0932,3.0
107.8,-2.3372,0.0938,3.0
107.9,-2.3278,0.0943,3.0
108.0,-2.3183,0.0949,3.0
108.1,-2.3087,0.0955,3.0
108.2,-2.2991,0.0961,3.0
108.3,-2.2895,0.0966,3.0
108.4,-2.2798,0.0972,3.0
108.5,-2.27,0.0978,3.0
108.6,-2.2601,0.0983,3.0
108.7,-2.2502,0.0989,3.0
108.8,-2.2403,0.0994,3.0
108.9,-2.2303,0.1,3.0
109.0,-2.2202,0.1005,3.0
109.1,-2.2101,0.1011,3.0
109.2,-2.1999,0.1016,3.0
109.3,-2.1897,0.1022,3.0
109.4,-2.1794,0.1027,3.0
109.5,-2.1691,0.1033,3.0
109.6,-2.1587,0.1038,3.0
109.7,-2.1483,0.1043,3.0
109.8,-2.1378,0.1049,3.0
109.9,-2.1272,0.1054,3.0
110.0,-2.1166,0.1059,3.0
110.1,-2.106,0.1064,3.0
110.2,-2.0953,0.1069,3.0
110.3,-2.0845,0.1075,3.0
110.4,-2.0737,0.108,3.0
110.5,-2.0628,0.1085,3.0
110.6,-2.0519,0.109,3.0
110.7,-2.0409,0.1095,3.0
110.8,-2.0299,0.11,3.0
110.9,-2.0188,0.1105,3.0
111.0,-2.0077,0.111,3.0
111.1,-1.9965,0.1115,3.0
111.2,-1.9853,0.112,3.0
111.3,-1.9741,0.1125,3.0
111.4,-1.9627,0.113,3.0
111.5,-1.9514,0.1134,3.0
111.6,-1.94,0.1139,3.0
111.7,-1.9285,0.1144,3.0
111.8,-1.917,0.1149,3.0
111.9,-1.9054,0.1153,3.0
112.0,-1.8938,0.1158,3.0
112.1,-1.8821,0.1163,3.0
112.2,-1.8704,0.1167,3.0
112.3,-1.8587,0.1172,3.0
112.4,-1.8469,0.1177,3.0
112.5,-1.835,0.1181,3.0
112.6,-1.8232,0.1186,3.0
112.7,-1.8112,0.119,3.0
112.8,-1.7992,0.1195,3.0
112.9,-1.7872,0.1199,3.0
113.0,-1.7751,0.1203,3.0
113.1,-1.763,0.1208,3.0
113.2,-1.7509,0.1212,3.0
113.3,-1.7387,0.1216,3.0
113.4,-1.7264,0.1221,3.0
113.5,-1.7141,0.1225,3.0
113.6,-1.7018,0.1229,3.0
113.7,-1.6894,0.1233,3.0
113.8,-1.677,0.1237,3.0
113.9,-1.6646,0.1242,3.0
114.0,-1.6521,0.1246,3.0
114.1,-1.6395,0.125,3.0
114.2,-1.6269,0.1254,3.0
114.3,-1.6143,0.1258,3.0
114.4,-1.6016,0.1262,3.0
114.5,-1.5889,0.1266,3.0
114.6,-1.5762,0.1269,3.0
114.7,-1.5634,0.1273,3.0
114.8,-1.5506,0.1277,3.0
114.9,-1.5377,0.1281,3.0
115.0,-1.5248,0.1285,3.0
115.1,-1.5119,0.1288,3.0
115.2,-1.4989,0.1292,3.0
115.3,-1.4859,0.1296,3.0
115.4,-1.4729,0.1299,3.0
115.5,-1.4598,0.1303,3.0
115.6,-1.4467,0.1307,3.0
115.7,-1.4335,0.131,3.0
115.8,-1.4203,0.1314,3.0
115.9,-1.4071,0.1317,3.0
116.0,-1.3938,0.1321,3.0
116.1,-1.3805,0.1324,3.0
116.2,-1.3672,0.1327,3.0
116.3,-1.3538,0.1331,3.0
116.4,-1.3404,0.1334,3.0
116.5,-1.327,0.1337,3.0
116.6,-1.3135,0.134,3.0
116.7,-1.3,0.1344,3.0
116.8,-1.2865,0.1347,3.0
116.9,-1.2729,0.135,3.0
117.0,-1.2593,0.1353,3.0
117.1,-1.2457,0.1356,3.0
117.2,-1.232,0.1359,3.0
117.3,-1.2183,0.1362,3.0
117.4,-1.2046,0.1365,3.0
117.5,-1.1908,0.1368,3.0
117.6,-1.1771,0.1371,3.0
117.7,-1.1632,0.1374,3.0
117.8,-1.1494,0.1377,3.0
117.9,-1.1355,0.138,3.0
118.0,-1.1216,0.1382,3.0
118.1,-1.1077,0.1385,3.0
118.2,-1.0938,0.1388,3.0
118.3,-1.0798,0.139,3.0
118.4,-1.0658,0.1393,3.0
118.5,-1.0517,0.1396,3.0
118.6,-1.0377,0.1398,3.0
118.7,-1.0236,0.1401,3.0
118.8,-1.0095,0.1403,3.0
118.9,-0.9953,0.1406,3.0
119.0,-0.9812,0.1408,3.0
119.1,-0.967,0.1411,3.0
119.2,-0.9528,0.1413,3.0
119.3,-0.9385,0.1415,3.0
119.4,-0.9243,0.1417,3.0
119.5,-0.91,0.142,3.0
119.6,-0.8957,0.1422,3.0
119.7,-0.8814,0.1424,3.0
119.8,-0.867,0.1426,3.0
119.9,-0.8526,0.1428,3.0
120.0,-0.8382,0.143,3.0
120.1,-0.8238,0.1432,3.0
120.2,-0.8094,0.1434,3.0
120.3,-0.7949,0.1436,3.0
120.4,-0.7805,0.1438,3.0
120.5,-0.766,0.144,3.0
120.6,-0.7515,0.1442,3.0
120.7,-0.7369,0.1444,3.0
120.8,-0.7224,0.1446,3.0
120.9,-0.7078,0.1447,3.0
121.0,-0.6932,0.1449,3.0
121.1,-0.6786,0.1451,3.0
121.2,-0.664,0.1452,3.0
121.3,-0.6494,0.1454,3.0
121.4,-0.6347,0.1456,3.0
121.5,-0.6201,0.1457,3.0
121.6,-0.6054,0.1459,3.0
121.7,-0.5907,0.146,3.0
121.8,-0.576,0.1462,3.0
121.9,-0.5612,0.1463,3.0
122.0,-0.5465,0.1464,3.0
122.1,-0.5317,0.1466,3.0
122.2,-0.517,0.1467,3.0
122.3,-0.5022,0.1468,3.0
122.4,-0.4874,0.1469,3.0
122.5,-0.4726,0.1471,3.0
122.6,-0.4578,0.1472,3.0
122.7,-0.4429,0.1473,3.0
122.8,-0.4281,0.1474,3.0
122.9,-0.4132,0.1475,3.0
123.0,-0.3984,0.1476,3.0
123.1,-0.3835,0.1477,3.0
123.2,-0.3686,0.1478,3.0
123.3,-0.3537,0.1479,3.0
123.4,-0.3388,0.148,3.0
123.5,-0.3239,0.148,3.0
123.6,-0.309,0.1481,3.0
123.7,-0.2941,0.1482,3.0
123.8,-0.2792,0.1483,3.0
123.9,-0.2642,0.1483,3.0
124.0,-0.2493,0.1484,3.0
124.1,-0.2343,0.1484,3.0
124.2,-0.2194,0.1485,3.0
124.3,-0.2044,0.1485,3.0
124.4,-0.1894,0.1486,3.0
124.5,-0.1745,0.1486,3.0
124.6,-0.1595,0.1487,3.0
124.7,-0.1445,0.1487,3.0
124.8,-0.1295,0.1488,3.0
124.9,-0.1145,0.1488,3.0
125.0,-0.0995,0.1488,3.0
125.1,-0.0845,0.1488,3.0
125.2,-0.0695,0.1489,3.0
125.3,-0.0546,0.1489,3.0
125.4,-0.0396,0.1489,3.0
125.5,-0.0246,0.1489,3.0
125.6,-0.0096,0.1489,3.0
125.7,0.0054,0.1489,3.0
125.8,0.0204,0.1489,3.0
125.9,0.0354,0.1489,3.0
126.0,0.0504,0.1489,3.0
126.1,0.0654,0.1489,3.0
126.2,0.0804,0.1488,3.0
126.3,0.0954,0.1488,3.0
126.4,0.1104,0.1488,3.0
126.5,0.1254,0.1488,3.0
126.6,0.1404,0.1487,3.0
126.7,0.1554,0.1487,3.0
126.8,0.1704,0.1487,3.0
126.9,0.1853,0.1486,3.0
127.0,0.2003,0.1486,3.0
127.1,0.2153,0.1485,3.0
127.2,0.2302,0.1485,3.0
127.3,0.2452,0.1484,3.0
127.4,0.2601,0.1483,3.0
127.5,0.2751,0.1483,3.0
127.6,0.29,0.1482,3.0
127.7,0.3049,0.1481,3.0
127.8,0.3198,0.1481,3.0
127.9,0.3347,0.148,3.0
128.0,0.3496,0.1479,3.0
128.1,0.3645,0.1478,3.0
128.2,0.3794,0.1477,3.0
128.3,0.3943,0.1476,3.0
128.4,0.4092,0.1475,3.0
128.5,0.424,0.1474,3.0
128.6,0.4389,0.1473,3.0
128.7,0.4537,0.1472,3.0
128.8,0.4685,0.1471,3.0
128.9,0.4833,0.147,3.0
129.0,0.4981,0.1469,3.0
129.1,0.5129,0.1467,3.0
129.2,0.5277,0.1466,3.0
129.3,0.5424,0.1465,3.0
129.4,0.5572,0.1463,3.0
129.5,0.5719,0.1462,3.0
129.6,0.5866,0.1461,3.0
129.7,0.6013,0.1459,3.0
129.8,0.616,0.1458,3.0
129.9,0.6307,0.1456,3.0
130.0,0.6454,0.1455,3.0
130.1,0.66,0.1453,3.0
130.2,0.6746,0.1451,3.0
130.3,0.6892,0.145,3.0
130.4,0.7038,0.1448,3.0
130.5,0.7184,0.1446,3.0
130.6,0.7329,0.1444,3.0
130.7,0.7475,0.1443,3.0
130.8,0.762,0.1441,3.0
130.9,0.7765,0.1439,3.0
131.0,0.791,0.1437,3.0
131.1,0.8054,0.1435,3.0
131.2,0.8199,0.1433,3.0
131.3,0.8343,0.1431,3.0
131.4,0.8487,0.1429,3.0
131.5,0.8631,0.1427,3.0
131.6,0.8774,0.1425,3.0
131.7,0.8918,0.1423,3.0
131.8,0.9061,0.142,3.0
131.9,0.9204,0.1418,3.0
132.0,0.9346,0.1416,3.0
132.1,0.9489,0.1414,3.0
132.2,0.9631,0.1411,3.0
132.3,0.9773,0.1409,3.0
132.4,0.9914,0.1406,3.0
132.5,1.0056,0.1404,3.0
132.6,1.0197,0.1401,3.0
132.7,1.0338,0.1399,3.0
132.8,1.0479,0.1396,3.0
132.9,1.0619,0.1394,3.0
133.0,1.0759,0.1391,3.0
133.1,1.0899,0.1389,3.0
133.2,1.1039,0.1386,3.0
133.3,1.1178,0.1383,3.0
133.4,1.1317,0.138,3.0
133.5,1.1456,0.1378,3.0
133.6,1.1594,0.1375,3.0
133.7,1.1733,0.1372,3.0
133.8,1.1871,0.1369,3.0
133.9,1.2008,0.1366,3.0
134.0,1.2145,0.1363,3.0
134.1,1.2283,0.136,3.0
134.2,1.2419,0.1357,3.0
134.3,1.2556,0.1354,3.0
134.4,1.2692,0.1351,3.0
134.5,1.2827,0.1348,3.0
134.6,1.2963,0.1345,3.0
134.7,1.3098,0.1341,3.0
134.8,1.3233,0.1338,3.0
134.9,1.3367,0.1335,3.0
135.0,1.3501,0.1332,3.0
135.1,1.3635,0.1328,3.0
135.2,1.3769,0.1325,3.0
135.3,1.3902,0.1321,3.0
135.4,1.4034,0.1318,3.0
135.5,1.4167,0.1315,3.0
135.6,1.4299,0.1311,3.0
135.7,1.4431,0.1308,3.0
135.8,1.4562,0.1304,3.0
135.9,1.4693,0.13,3.0
136.0,1.4823,0.1297,3.0
136.1,1.4954,0.1293,3.0
136.2,1.5083,0.1289,3.0
136.3,1.5213,0.1286,3.0
136.4,1.5342,0.1282,3.0
136.5,1.5471,0.1278,3.0
136.6,1.5599,0.1274,3.0
136.7,1.5727,0.127,3.0
136.8,1.5855,0.1267,3.0
136.9,1.5982,0.1263,3.0
137.0,1.6108,0.1259,3.0
137.1,1.6235,0.1255,3.0
137.2,1.6361,0.1251,3.0
137.3,1.6486,0.1247,3.0
137.4,1.6611,0.1243,3.0
137.5,1.6736,0.1239,3.0
137.6,1.686,0.1234,3.0
137.7,1.6984,0.123,3.0
137.8,1.7108,0.1226,3.0
137.9,1.7231,0.1222,3.0
138.0,1.7353,0.1218,3.0
138.1,1.7475,0.1213,3.0
138.2,1.7597,0.1209,3.0
138.3,1.7718,0.1205,3.0
138.4,1.7839,0.12,3.0
138.5,1.796,0.1196,3.0
138.6,1.8079,0.1191,3.0
138.7,1.8199,0.1187,3.0
138.8,1.8318,0.1182,3.0
138.9,1.8436,0.1178,3.0
139.0,1.8555,0.1173,3.0
139.1,1.8672,0.1169,3.0
139.2,1.8789,0.1164,3.0
139.3,1.8906,0.1159,3.0
139.4,1.9022,0.1155,3.0
139.5,1.9138,0.115,3.0
139.6,1.9253,0.1145,3.0
139.7,1.9368,0.1141,3.0
139.8,1.9482,0.1136,3.0
139.9,1.9596,0.1131,3.0
140.0,1.971,0.1126,3.0
140.1,1.9822,0.1121,3.0
140.2,1.9935,0.1116,3.0
140.3,2.0047,0.1111,3.0
140.4,2.0158,0.1106,3.0
140.5,2.0269,0.1101,3.0
140.6,2.0379,0.1096,3.0
140.7,2.0489,0.1091,3.0
140.8,2.0598,0.1086,3.0
140.9,2.0707,0.1081,3.0
141.0,2.0815,0.1076,3.0
141.1,2.0923,0.1071,3.0
141.2,2.103,0.1066,3.0
141.3,2.1137,0.106,3.0
141.4,2.1243,0.1055,3.0
141.5,2.1349,0.105,3.0
141.6,2.1454,0.1045,3.0
141.7,2.1559,0.1039,3.0
141.8,2.1663,0.1034,3.0
141.9,2.1766,0.1029,3.0
142.0,2.1869,0.1023,3.0
142.1,2.1971,0.1018,3.0
142.2,2.2073,0.1012,3.0
142.3,2.2175,0.1007,3.0
142.4,2.2275,0.1001,3.0
142.5,2.2376,0.0996,3.0
142.6,2.2475,0.099,3.0
142.7,2.2574,0.0985,3.0
142.8,2.2673,0.0979,3.0
142.9,2.2771,0.0974,3.0
143.0,2.2868,0.0968,3.0
143.1,2.2965,0.0962,3.0
143.2,2.3061,0.0956,3.0
143.3,2.3157,0.0951,3.0
143.4,2.3252,0.0945,3.0
143.5,2.3346,0.0939,3.0
143.6,2.344,0.0933,3.0
143.7,2.3534,0.0928,3.0
143.8,2.3626,0.0922,3.0
143.9,2.3718,0.0916,3.0
144.0,2.381,0.091,3.0
144.1,2.3901,0.0904,3.0
144.2,2.3991,0.0898,3.0
144.3,2.4081,0.0892,3.0
144.4,2.417,0.0886,3.0
144.5,2.4259,0.088,3.0
144.6,2.4347,0.0874,3.0
144.7,2.4434,0.0868,3.0
144.8,2.4521,0.0862,3.0
144.9,2.4607,0.0856,3.0
145.0,2.4692,0.085,3.0
145.1,2.4777,0.0844,3.0
145.2,2.4862,0.0838,3.0
145.3,2.4945,0.0831,3.0
145.4,2.5028,0.0825,3.0
145.5,2.5111,0.0819,3.0
145.6,2.5192,0.0813,3.0
145.7,2.5274,0.0806,3.0
145.8,2.5354,0.08,3.0
145.9,2.5434,0.0794,3.0
146.0,2.5513,0.0787,3.0
146.1,2.5592,0.0781,3.0
146.2,2.567,0.0775,3.0
146.3,2.5747,0.0768,3.0
146.4,2.5824,0.0762,3.0
146.5,2.59,0.0756,3.0
146.6,2.5975,0.0749,3.0
146.7,2.605,0.0743,3.0
146.8,2.6124,0.0736,3.0
146.9,2.6197,0.073,3.0
147.0,2.627,0.0723,3.0
147.1,2.6342,0.0717,3.0
147.2,2.6414,0.071,3.0
147.3,2.6484,0.0703,3.0
147.4,2.6554,0.0697,3.0
147.5,2.6624,0.069,3.0
147.6,2.6693,0.0684,3.0
147.7,2.6761,0.0677,3.0
147.8,2.6828,0.067,3.0
147.9,2.6895,0.0664,3.0
148.0,2.6961,0.0657,3.0
148.1,2.7027,0.065,3.0
148.2,2.7091,0.0643,3.0
148.3,2.7156,0.0637,3.0
148.4,2.7219,0.063,3.0
148.5,2.7282,0.0623,3.0
148.6,2.7344,0.0616,3.0
148.7,2.7405,0.0609,3.0
148.8,2.7466,0.0603,3.0
148.9,2.7526,0.0596,3.0
149.0,2.7585,0.0589,3.0
149.1,2.7644,0.0582,3.0
149.2,2.7702,0.0575,3.0
149.3,2.7759,0.0568,3.0
149.4,2.7815,0.0561,3.0
149.5,2.7871,0.0554,3.0
149.6,2.7926,0.0547,3.0
149.7,2.7981,0.054,3.0
149.8,2.8035,0.0533,3.0
149.9,2.8088,0.0526,3.0
150.0,2.814,0.0519,3.0
150.1,2.8192,0.0512,3.0
150.2,2.8243,0.0505,3.0
150.3,2.8293,0.0498,3.0
150.4,2.8342,0.0491,3.0
150.5,2.8391,0.0484,3.0
150.6,2.8439,0.0477,3.0
150.7,2.8487,0.047,3.0
150.8,2.8533,0.0463,3.0
150.9,2.8579,0.0456,3.0
151.0,2.8625,0.0449,3.0
151.1,2.8669,0.0442,3.0
151.2,2.8713,0.0434,3.0
151.3,2.8756,0.0427,3.0
151.4,2.8798,0.042,3.0
151.5,2.884,0.0413,3.0
151.6,2.8881,0.0406,3.0
151.7,2.8921,0.0398,3.0
151.8,2.8961,0.0391,3.0
151.9,2.9,0.0384,3.0
152.0,2.9038,0.0377,3.0
152.1,2.9075,0.0369,3.0
152.2,2.9112,0.0362,3.0
152.3,2.9147,0.0355,3.0
152.4,2.9183,0.0348,3.0
152.5,2.9217,0.034,3.0
152.6,2.9251,0.0333,3.0
152.7,2.9284,0.0326,3.0
152.8,2.9316,0.0318,3.0
152.9,2.9347,0.0311,3.0
153.0,2.9378,0.0304,3.0
153.1,2.9408,0.0296,3.0
153.2,2.9437,0.0289,3.0
153.3,2.9466,0.0282,3.0
153.4,2.9494,0.0274,3.0
153.5,2.9521,0.0267,3.0
153.6,2.9547,0.026,3.0
153.7,2.9573,0.0252,3.0
153.8,2.9598,0.0245,3.0
153.9,2.9622,0.0237,3.0
154.0,2.9645,0.023,3.0
154.1,2.9668,0.0223,3.0
154.2,2.969,0.0215,3.0
154.3,2.9711,0.0208,3.0
154.4,2.9731,0.02,3.0
154.5,2.9751,0.0193,3.0
154.6,2.977,0.0185,3.0
154.7,2.9788,0.0178,3.0
154.8,2.9805,0.0171,3.0
154.9,2.9822,0.0163,3.0
155.0,2.9838,0.0156,3.0
155.1,2.9853,0.0148,3.0
155.2,2.9868,0.0141,3.0
155.3,2.9881,0.0133,3.0
155.4,2.9894,0.0126,3.0
155.5,2.9906,0.0118,3.0
155.6,2.9918,0.0111,3.0
155.7,2.9929,0.0103,3.0
155.8,2.9939,0.0096,3.0
155.9,2.9948,0.0088,3.0
156.0,2.9956,0.0081,3.0
156.1,2.9964,0.0073,3.0
156.2,2.9971,0.0066,3.0
156.3,2.9977,0.0058,3.0
156.4,2.9983,0.0051,3.0
156.5,2.9987,0.0043,3.0
156.6,2.9991,0.0036,3.0
156.7,2.9995,0.0028,3.0
156.8,2.9997,0.0021,3.0
156.9,2.9999,0.0013,3.0
157.0,3.0,0.0006,3.0
157.1,3.0,-0.0002,3.0
157.2,2.9999,-0.0009,3.0
157.3,2.9998,-0.0017,3.0
157.4,2.9996,-0.0024,3.0
157.5,2.9993,-0.0032,3.0
157.6,2.999,-0.0039,3.0
157.7,2.9986,-0.0047,3.0
157.8,2.9981,-0.0054,3.0
157.9,2.9975,-0.0062,3.0
158.0,2.9968,-0.0069,3.0
158.1,2.9961,-0.0076,3.0
158.2,2.9953,-0.0084,3.0
158.3,2.9944,-0.0091,3.0
158.4,2.9935,-0.0099,3.0
158.5,2.9924,-0.0106,3.0
158.6,2.9913,-0.0114,3.0
158.7,2.9902,-0.0121,3.0
158.8,2.9889,-0.0129,3.0
158.9,2.9876,-0.0136,3.0
159.0,2.9862,-0.0144,3.0
159.1,2.9847,-0.0151,3.0
159.2,2.9832,-0.0159,3.0
159.3,2.9815,-0.0166,3.0
159.4,2.9798,-0.0174,3.0
159.5,2.9781,-0.0181,3.0
159.6,2.9762,-0.0189,3.0
159.7,2.9743,-0.0196,3.0
159.8,2.9723,-0.0203,3.0
159.9,2.9702,-0.0211,3.0
160.0,2.9681,-0.0218,3.0
160.1,2.9659,-0.0226,3.0
160.2,2.9636,-0.0233,3.0
160.3,2.9612,-0.024,3.0
160.4,2.9588,-0.0248,3.0
160.5,2.9562,-0.0255,3.0
160.6,2.9536,-0.0263,3.0
160.7,2.951,-0.027,3.0
160.8,2.9482,-0.0277,3.0
160.9,2.9454,-0.0285,3.0
161.0,2.9425,-0.0292,3.0
161.1,2.9396,-0.0299,3.0
161.2,2.9366,-0.0307,3.0
161.3,2.9335,-0.0314,3.0
161.4,2.9303,-0.0321,3.0
161.5,2.927,-0.0329,3.0
161.6,2.9237,-0.0336,3.0
161.7,2.9203,-0.0343,3.0
161.8,2.9168,-0.0351,3.0
161.9,2.9133,-0.0358,3.0
162.0,2.9097,-0.0365,3.0
162.1,2.906,-0.0372,3.0
162.2,2.9022,-0.038,3.0
162.3,2.8984,-0.0387,3.0
162.4,2.8945,-0.0394,3.0
162.5,2.8905,-0.0401,3.0
162.6,2.8864,-0.0409,3.0
162.7,2.8823,-0.0416,3.0
162.8,2.8781,-0.0423,3.0
162.9,2.8739,-0.043,3.0
163.0,2.8695,-0.0437,3.0
163.1,2.8651,-0.0444,3.0
163.2,2.8606,-0.0452,3.0
163.3,2.8561,-0.0459,3.0
163.4,2.8514,-0.0466,3.0
163.5,2.8467,-0.0473,3.0
163.6,2.842,-0.048,3.0
163.7,2.8371,-0.0487,3.0
163.8,2.8322,-0.0494,3.0
163.9,2.8272,-0.0501,3.0
164.0,2.8222,-0.0508,3.0
164.1,2.8171,-0.0515,3.0
164.2,2.8119,-0.0522,3.0
164.3,2.8066,-0.0529,3.0
164.4,2.8013,-0.0536,3.0
164.5,2.7959,-0.0543,3.0
164.6,2.7904,-0.055,3.0
164.7,2.7849,-0.0557,3.0
164.8,2.7792,-0.0564,3.0
164.9,2.7736,-0.0571,3.0
165.0,2.7678,-0.0578,3.0
165.1,2.762,-0.0585,3.0
165.2,2.7561,-0.0592,3.0
165.3,2.7501,-0.0599,3.0
165.4,2.7441,-0.0605,3.0
165.5,2.738,-0.0612,3.0
165.6,2.7319,-0.0619,3.0
165.7,2.7256,-0.0626,3.0
165.8,2.7193,-0.0633,3.0
165.9,2.713,-0.0639,3.0
166.0,2.7065,-0.0646,3.0
166.1,2.7,-0.0653,3.0
166.2,2.6934,-0.066,3.0
166.3,2.6868,-0.0666,3.0
166.4,2.6801,-0.0673,3.0
166.5,2.6733,-0.068,3.0
166.6,2.6665,-0.0686,3.0
166.7,2.6596,-0.0693,3.0
166.8,2.6526,-0.07,3.0
166.9,2.6456,-0.0706,3.0
167.0,2.6385,-0.0713,3.0
167.1,2.6313,-0.0719,3.0
167.2,2.624,-0.0726,3.0
167.3,2.6167,-0.0732,3.0
167.4,2.6094,-0.0739,3.0
167.5,2.6019,-0.0745,3.0
167.6,2.5944,-0.0752,3.0
167.7,2.5869,-0.0758,3.0
167.8,2.5792,-0.0765,3.0
167.9,2.5716,-0.0771,3.0
168.0,2.5638,-0.0777,3.0
168.1,2.556,-0.0784,3.0
168.2,2.5481,-0.079,3.0
168.3,2.5401,-0.0796,3.0
168.4,2.5321,-0.0803,3.0
168.5,2.5241,-0.0809,3.0
168.6,2.5159,-0.0815,3.0
168.7,2.5077,-0.0821,3.0
168.8,2.4994,-0.0828,3.0
168.9,2.4911,-0.0834,3.0
169.0,2.4827,-0.084,3.0
169.1,2.4743,-0.0846,3.0
169.2,2.4658,-0.0852,3.0
169.3,2.4572,-0.0858,3.0
169.4,2.4486,-0.0865,3.0
169.5,2.4399,-0.0871,3.0
169.6,2.4311,-0.0877,3.0
169.7,2.4223,-0.0883,3.0
169.8,2.4134,-0.0889,3.0
169.9,2.4045,-0.0895,3.0
170.0,2.3955,-0.0901,3.0
170.1,2.3864,-0.0907,3.0
170.2,2.3773,-0.0912,3.0
170.3,2.3681,-0.0918,3.0
170.4,2.3589,-0.0924,3.0
170.5,2.3496,-0.093,3.0
170.6,2.3402,-0.0936,3.0
170.7,2.3308,-0.0942,3.0
170.8,2.3213,-0.0947,3.0
170.9,2.3118,-0.0953,3.0
171.0,2.3022,-0.0959,3.0
171.1,2.2926,-0.0964,3.0
171.2,2.2829,-0.097,3.0
171.3,2.2731,-0.0976,3.0
171.4,2.2633,-0.0981,3.0
171.5,2.2534,-0.0987,3.0
171.6,2.2435,-0.0993,3.0
171.7,2.2335,-0.0998,3.0
171.8,2.2234,-0.1004,3.0
171.9,2.2133,-0.1009,3.0
172.0,2.2032,-0.1015,3.0
172.1,2.193,-0.102,3.0
172.2,2.1827,-0.1025,3.0
172.3,2.1724,-0.1031,3.0
172.4,2.162,-0.1036,3.0
172.5,2.1516,-0.1042,3.0
172.6,2.1411,-0.1047,3.0
172.7,2.1306,-0.1052,3.0
172.8,2.12,-0.1057,3.0
172.9,2.1094,-0.1063,3.0
173.0,2.0987,-0.1068,3.0
173.1,2.0879,-0.1073,3.0
173.2,2.0771,-0.1078,3.0
173.3,2.0663,-0.1083,3.0
173.4,2.0554,-0.1088,3.0
173.5,2.0444,-0.1093,3.0
173.6,2.0334,-0.1098,3.0
173.7,2.0224,-0.1103,3.0
173.8,2.0113,-0.1108,3.0
173.9,2.0001,-0.1113,3.0
174.0,1.9889,-0.1118,3.0
174.1,1.9777,-0.1123,3.0
174.2,1.9663,-0.1128,3.0
174.3,1.955,-0.1133,3.0
174.4,1.9436,-0.1138,3.0
174.5,1.9321,-0.1142,3.0
174.6,1.9206,-0.1147,3.0
174.7,1.9091,-0.1152,3.0
174.8,1.8975,-0.1157,3.0
174.9,1.8859,-0.1161,3.0
175.0,1.8742,-0.1166,3.0
175.1,1.8624,-0.1171,3.0
175.2,1.8507,-0.1175,3.0
175.3,1.8388,-0.118,3.0
175.4,1.8269,-0.1184,3.0
175.5,1.815,-0.1189,3.0
175.6,1.8031,-0.1193,3.0
175.7,1.7911,-0.1198,3.0
175.8,1.779,-0.1202,3.0
175.9,1.7669,-0.1206,3.0
176.0,1.7548,-0.1211,3.0
176.1,1.7426,-0.1215,3.0
176.2,1.7303,-0.1219,3.0
176.3,1.7181,-0.1224,3.0
176.4,1.7057,-0.1228,3.0
176.5,1.6934,-0.1232,3.0
176.6,1.681,-0.1236,3.0
176.7,1.6685,-0.124,3.0
176.8,1.656,-0.1244,3.0
176.9,1.6435,-0.1248,3.0
177.0,1.6309,-0.1252,3.0
177.1,1.6183,-0.1256,3.0
177.2,1.6057,-0.126,3.0
177.3,1.593,-0.1264,3.0
177.4,1.5803,-0.1268,3.0
177.5,1.5675,-0.1272,3.0
177.6,1.5547,-0.1276,3.0
177.7,1.5418,-0.128,3.0
177.8,1.529,-0.1283,3.0
177.9,1.516,-0.1287,3.0
178.0,1.5031,-0.1291,3.0
178.1,1.4901,-0.1295,3.0
178.2,1.477,-0.1298,3.0
178.3,1.464,-0.1302,3.0
178.4,1.4508,-0.1305,3.0
178.5,1.4377,-0.1309,3.0
178.6,1.4245,-0.1313,3.0
178.7,1.4113,-0.1316,3.0
178.8,1.398,-0.1319,3.0
178.9,1.3847,-0.1323,3.0
179.0,1.3714,-0.1326,3.0
179.1,1.3581,-0.133,3.0
179.2,1.3447,-0.1333,3.0
179.3,1.3312,-0.1336,3.0
179.4,1.3178,-0.1339,3.0
179.5,1.3043,-0.1343,3.0
179.6,1.2908,-0.1346,3.0
179.7,1.2772,-0.1349,3.0
179.8,1.2636,-0.1352,3.0
179.9,1.25,-0.1355,3.0
180.0,1.2364,-0.1358,3.0
180.1,1.2227,-0.1361,3.0
180.2,1.209,-0.1364,3.0
180.3,1.1952,-0.1367,3.0
180.4,1.1814,-0.137,3.0
180.5,1.1676,-0.1373,3.0
180.6,1.1538,-0.1376,3.0
180.7,1.1399,-0.1379,3.0
180.8,1.1261,-0.1381,3.0
180.9,1.1121,-0.1384,3.0
181.0,1.0982,-0.1387,3.0
181.1,1.0842,-0.139,3.0
181.2,1.0702,-0.1392,3.0
181.3,1.0562,-0.1395,3.0
181.4,1.0421,-0.1397,3.0
181.5,1.0281,-0.14,3.0
181.6,1.014,-0.1402,3.0
181.7,0.9998,-0.1405,3.0
181.8,0.9857,-0.1407,3.0
181.9,0.9715,-0.141,3.0
182.0,0.9573,-0.1412,3.0
182.1,0.9431,-0.1414,3.0
182.2,0.9288,-0.1417,3.0
182.3,0.9145,-0.1419,3.0
182.4,0.9002,-0.1421,3.0
182.5,0.8859,-0.1423,3.0
182.6,0.8716,-0.1426,3.0
182.7,0.8572,-0.1428,3.0
182.8,0.8428,-0.143,3.0
182.9,0.8284,-0.1432,3.0
183.0,0.814,-0.1434,3.0
183.1,0.7996,-0.1436,3.0
183.2,0.7851,-0.1438,3.0
183.3,0.7706,-0.144,3.0
183.4,0.7561,-0.1442,3.0
183.5,0.7416,-0.1443,3.0
183.6,0.727,-0.1445,3.0
183.7,0.7125,-0.1447,3.0
183.8,0.6979,-0.1449,3.0
183.9,0.6833,-0.145,3.0
184.0,0.6687,-0.1452,3.0
184.1,0.654,-0.1454,3.0
184.2,0.6394,-0.1455,3.0
184.3,0.6247,-0.1457,3.0
184.4,0.61,-0.1458,3.0
184.5,0.5954,-0.146,3.0
184.6,0.5806,-0.1461,3.0
184.7,0.5659,-0.1463,3.0
184.8,0.5512,-0.1464,3.0
184.9,0.5364,-0.1465,3.0
185.0,0.5217,-0.1467,3.0
185.1,0.5069,-0.1468,3.0
185.2,0.4921,-0.1469,3.0
185.3,0.4773,-0.147,3.0
185.4,0.4625,-0.1471,3.0
185.5,0.4477,-0.1472,3.0
185.6,0.4328,-0.1474,3.0
185.7,0.418,-0.1475,3.0
185.8,0.4031,-0.1476,3.0
185.9,0.3882,-0.1477,3.0
186.0,0.3734,-0.1477,3.0
186.1,0.3585,-0.1478,3.0
186.2,0.3436,-0.1479,3.0
186.3,0.3287,-0.148,3.0
186.4,0.3138,-0.1481,3.0
186.5,0.2988,-0.1482,3.0
186.6,0.2839,-0.1482,3.0
186.7,0.269,-0.1483,3.0
186.8,0.254,-0.1484,3.0
186.9,0.2391,-0.1484,3.0
187.0,0.2241,-0.1485,3.0
187.1,0.2092,-0.1485,3.0
187.2,0.1942,-0.1486,3.0
187.3,0.1792,-0.1486,3.0
187.4,0.1643,-0.1487,3.0
187.5,0.1493,-0.1487,3.0
187.6,0.1343,-0.1487,3.0
187.7,0.1193,-0.1488,3.0
187.8,0.1043,-0.1488,3.0
187.9,0.0893,-0.1488,3.0
188.0,0.0743,-0.1488,3.0
188.1,0.0593,-0.1489,3.0
188.2,0.0443,-0.1489,3.0
188.3,0.0293,-0.1489,3.0
188.4,0.0143,-0.1489,3.0
188.5,-0.0007,-0.1489,3.0
188.6,-0.0157,-0.1489,3.0
188.7,-0.0307,-0.1489,3.0
188.8,-0.0457,-0.1489,3.0
188.9,-0.0607,-0.1489,3.0
189.0,-0.0757,-0.1488,3.0
189.1,-0.0907,-0.1488,3.0
189.2,-0.1056,-0.1488,3.0
189.3,-0.1206,-0.1488,3.0
189.4,-0.1356,-0.1487,3.0
189.5,-0.1506,-0.1487,3.0
189.6,-0.1656,-0.1487,3.0
189.7,-0.1806,-0.1486,3.0
189.8,-0.1955,-0.1486,3.0
189.9,-0.2105,-0.1485,3.0
190.0,-0.2255,-0.1485,3.0
190.1,-0.2404,-0.1484,3.0
190.2,-0.2554,-0.1484,3.0
190.3,-0.2703,-0.1483,3.0
190.4,-0.2852,-0.1482,3.0
190.5,-0.3002,-0.1482,3.0
190.6,-0.3151,-0.1481,3.0
190.7,-0.33,-0.148,3.0
190.8,-0.3449,-0.1479,3.0
190.9,-0.3598,-0.1478,3.0
191.0,-0.3747,-0.1477,3.0
191.1,-0.3896,-0.1476,3.0
191.2,-0.4044,-0.1476,3.0
191.3,-0.4193,-0.1474,3.0
191.4,-0.4341,-0.1473,3.0
191.5,-0.449,-0.1472,3.0
191.6,-0.4638,-0.1471,3.0
191.7,-0.4786,-0.147,3.0
191.8,-0.4934,-0.1469,3.0
191.9,-0.5082,-0.1468,3.0
192.0,-0.523,-0.1466,3.0
192.1,-0.5377,-0.1465,3.0
192.2,-0.5525,-0.1464,3.0
192.3,-0.5672,-0.1462,3.0
192.4,-0.582,-0.1461,3.0
192.5,-0.5967,-0.146,3.0
192.6,-0.6114,-0.1458,3.0
192.7,-0.626,-0.1457,3.0
192.8,-0.6407,-0.1455,3.0
192.9,-0.6553,-0.1453,3.0
193.0,-0.67,-0.1452,3.0
193.1,-0.6846,-0.145,3.0
193.2,-0.6992,-0.1448,3.0
193.3,-0.7138,-0.1447,3.0
193.4,-0.7283,-0.1445,3.0
193.5,-0.7429,-0.1443,3.0
193.6,-0.7574,-0.1441,3.0
193.7,-0.7719,-0.1439,3.0
193.8,-0.7864,-0.1438,3.0
193.9,-0.8008,-0.1436,3.0
194.0,-0.8153,-0.1434,3.0
194.1,-0.8297,-0.1432,3.0
194.2,-0.8441,-0.143,3.0
194.3,-0.8585,-0.1427,3.0
194.4,-0.8729,-0.1425,3.0
194.5,-0.8872,-0.1423,3.0
194.6,-0.9015,-0.1421,3.0
194.7,-0.9158,-0.1419,3.0
194.8,-0.9301,-0.1417,3.0
194.9,-0.9443,-0.1414,3.0
195.0,-0.9586,-0.1412,3.0
195.1,-0.9728,-0.141,3.0
195.2,-0.9869,-0.1407,3.0
195.3,-1.0011,-0.1405,3.0
195.4,-1.0152,-0.1402,3.0
195.5,-1.0293,-0.14,3.0
195.6,-1.0434,-0.1397,3.0
195.7,-1.0574,-0.1395,3.0
195.8,-1.0715,-0.1392,3.0
195.9,-1.0855,-0.1389,3.0
196.0,-1.0994,-0.1387,3.0
196.1,-1.1134,-0.1384,3.0
196.2,-1.1273,-0.1381,3.0
196.3,-1.1412,-0.1378,3.0
196.4,-1.155,-0.1376,3.0
196.5,-1.1689,-0.1373,3.0
196.6,-1.1827,-0.137,3.0
196.7,-1.1964,-0.1367,3.0
196.8,-1.2102,-0.1364,3.0
196.9,-1.2239,-0.1361,3.0
197.0,-1.2376,-0.1358,3.0
197.1,-1.2512,-0.1355,3.0
197.2,-1.2648,-0.1352,3.0
197.3,-1.2784,-0.1349,3.0
197.4,-1.292,-0.1346,3.0
197.5,-1.3055,-0.1342,3.0
197.6,-1.319,-0.1339,3.0
197.7,-1.3324,-0.1336,3.0
197.8,-1.3459,-0.1333,3.0
197.9,-1.3593,-0.1329,3.0
198.0,-1.3726,-0.1326,3.0
198.1,-1.3859,-0.1323,3.0
198.2,-1.3992,-0.1319,3.0
198.3,-1.4125,-0.1316,3.0
198.4,-1.4257,-0.1312,3.0
198.5,-1.4389,-0.1309,3.0
198.6,-1.452,-0.1305,3.0
198.7,-1.4651,-0.1302,3.0
198.8,-1.4782,-0.1298,3.0
198.9,-1.4912,-0.1294,3.0
199.0,-1.5042,-0.1291,3.0
199.1,-1.5172,-0.1287,3.0
199.2,-1.5301,-0.1283,3.0
199.3,-1.543,-0.1279,3.0
199.4,-1.5558,-0.1276,3.0
199.5,-1.5686,-0.1272,3.0
199.6,-1.5814,-0.1268,3.0
199.7,-1.5941,-0.1264,3.0
199.8,-1.6068,-0.126,3.0
199.9,-1.6195,-0.1256,3.0
